"","ANNEE","nb","prix","prixm2"
"1",2014,2243,132441.470352207,2410.97949175212
"2",2015,2678,137496.402165795,2438.03659447349
"3",2016,2888,139455.603185596,2484.19494459834
"4",2017,1812,147444.918874172,2613.40728476821
"5",2018,3399,152645.733451015,2706.24036481318
"6",2019,3347,167876.450552734,2914.87720346579
"7",2020,2980,189690.280536913,3328.16308724832
"8",2021,3389,208759.219238713,3652.59840660962
